path,folder
Pixeldichte/1/IMG_1202_fifty.png,1
Pixeldichte/1/IMG_1202_four.png,1
Pixeldichte/1/IMG_1202_ten.png,1
Pixeldichte/1/IMG_1203_fifty.png,1
Pixeldichte/1/IMG_1203_four.png,1
Pixeldichte/1/IMG_1203_ten.png,1
Pixeldichte/1/IMG_1204_fifty.png,1
Pixeldichte/1/IMG_1204_four.png,1
Pixeldichte/1/IMG_1204_ten.png,1
Pixeldichte/1/IMG_1205_fifty.png,1
Pixeldichte/1/IMG_1205_four.png,1
Pixeldichte/1/IMG_1205_ten.png,1
Pixeldichte/2/IMG_1216_1_fifty.png,2
Pixeldichte/2/IMG_1216_1_four.png,2
Pixeldichte/2/IMG_1216_1_ten.png,2
Pixeldichte/2/IMG_1224_1_fifty.png,2
Pixeldichte/2/IMG_1224_1_four.png,2
Pixeldichte/2/IMG_1224_1_ten.png,2
Pixeldichte/2/IMG_1237_1_fifty.png,2
Pixeldichte/2/IMG_1237_1_four.png,2
Pixeldichte/2/IMG_1237_1_ten.png,2
Pixeldichte/4/IMG_1225_1_fifty.png,4
Pixeldichte/4/IMG_1225_1_four.png,4
Pixeldichte/4/IMG_1225_1_ten.png,4
Pixeldichte/4/IMG_1230_1_fifty.png,4
Pixeldichte/4/IMG_1230_1_four.png,4
Pixeldichte/4/IMG_1230_1_ten.png,4
Pixeldichte/4/IMG_1231_1_fifty.png,4
Pixeldichte/4/IMG_1231_1_four.png,4
Pixeldichte/4/IMG_1231_1_ten.png,4
Pixeldichte/4/IMG_1232_1_fifty.png,4
Pixeldichte/4/IMG_1232_1_four.png,4
Pixeldichte/4/IMG_1232_1_ten.png,4
Pixeldichte/4/IMG_1280_1_fifty.png,4
Pixeldichte/4/IMG_1280_1_four.png,4
Pixeldichte/4/IMG_1280_1_ten.png,4
Pixeldichte/7/IMG_1259_1_fifty.png,7
Pixeldichte/7/IMG_1259_1_four.png,7
Pixeldichte/7/IMG_1259_1_ten.png,7
Pixeldichte/7/IMG_1264_1_fifty.png,7
Pixeldichte/7/IMG_1264_1_four.png,7
Pixeldichte/7/IMG_1264_1_ten.png,7
Pixeldichte/7/IMG_1265_1_fifty.png,7
Pixeldichte/7/IMG_1265_1_four.png,7
Pixeldichte/7/IMG_1265_1_ten.png,7
Pixeldichte/11/IMG_1214_1_fifty.png,11
Pixeldichte/11/IMG_1214_1_four.png,11
Pixeldichte/11/IMG_1214_1_ten.png,11
Pixeldichte/11/IMG_1215_1_fifty.png,11
Pixeldichte/11/IMG_1215_1_four.png,11
Pixeldichte/11/IMG_1215_1_ten.png,11
Pixeldichte/11/IMG_1275_1_fifty.png,11
Pixeldichte/11/IMG_1275_1_four.png,11
Pixeldichte/11/IMG_1275_1_ten.png,11
Pixeldichte/12/IMG_1220_1_fifty.png,12
Pixeldichte/12/IMG_1220_1_four.png,12
Pixeldichte/12/IMG_1220_1_ten.png,12
Pixeldichte/12/IMG_1223_fifty.png,12
Pixeldichte/12/IMG_1223_four.png,12
Pixeldichte/12/IMG_1223_ten.png,12
Pixeldichte/12/IMG_1227_1_fifty.png,12
Pixeldichte/12/IMG_1227_1_four.png,12
Pixeldichte/12/IMG_1227_1_ten.png,12
Pixeldichte/12/IMG_1233_1_fifty.png,12
Pixeldichte/12/IMG_1233_1_four.png,12
Pixeldichte/12/IMG_1233_1_ten.png,12
Pixeldichte/13/IMG_1190_1_fifty.png,13
Pixeldichte/13/IMG_1190_1_four.png,13
Pixeldichte/13/IMG_1190_1_ten.png,13
Pixeldichte/13/IMG_1191_1_fifty.png,13
Pixeldichte/13/IMG_1191_1_four.png,13
Pixeldichte/13/IMG_1191_1_ten.png,13
Pixeldichte/13/IMG_1192_1_fifty.png,13
Pixeldichte/13/IMG_1192_1_four.png,13
Pixeldichte/13/IMG_1192_1_ten.png,13
Pixeldichte/13/IMG_1204_1_fifty.png,13
Pixeldichte/13/IMG_1204_1_four.png,13
Pixeldichte/13/IMG_1204_1_ten.png,13
Pixeldichte/13/IMG_1221_1_fifty.png,13
Pixeldichte/13/IMG_1221_1_four.png,13
Pixeldichte/13/IMG_1221_1_ten.png,13
Pixeldichte/13/IMG_1229_1_fifty.png,13
Pixeldichte/13/IMG_1229_1_four.png,13
Pixeldichte/13/IMG_1229_1_ten.png,13
Pixeldichte/14/IMG_1244_1_fifty.png,14
Pixeldichte/14/IMG_1244_1_four.png,14
Pixeldichte/14/IMG_1244_1_ten.png,14
Pixeldichte/14/IMG_1271_1_fifty.png,14
Pixeldichte/14/IMG_1271_1_four.png,14
Pixeldichte/14/IMG_1271_1_ten.png,14
Pixeldichte/14/IMG_1272_1_fifty.png,14
Pixeldichte/14/IMG_1272_1_four.png,14
Pixeldichte/14/IMG_1272_1_ten.png,14
Pixeldichte/15/IMG_1205_1_fifty.png,15
Pixeldichte/15/IMG_1205_1_four.png,15
Pixeldichte/15/IMG_1205_1_ten.png,15
Pixeldichte/15/IMG_1206_1_fifty.png,15
Pixeldichte/15/IMG_1206_1_four.png,15
Pixeldichte/15/IMG_1206_1_ten.png,15
Pixeldichte/15/IMG_1236_1_fifty.png,15
Pixeldichte/15/IMG_1236_1_four.png,15
Pixeldichte/15/IMG_1236_1_ten.png,15
Pixeldichte/15/IMG_1256_1_fifty.png,15
Pixeldichte/15/IMG_1256_1_four.png,15
Pixeldichte/15/IMG_1256_1_ten.png,15
Pixeldichte/17/IMG_1198_1_fifty.png,17
Pixeldichte/17/IMG_1198_1_four.png,17
Pixeldichte/17/IMG_1198_1_ten.png,17
Pixeldichte/17/IMG_1199_1_fifty.png,17
Pixeldichte/17/IMG_1199_1_four.png,17
Pixeldichte/17/IMG_1199_1_ten.png,17
Pixeldichte/17/IMG_1200_1_fifty.png,17
Pixeldichte/17/IMG_1200_1_four.png,17
Pixeldichte/17/IMG_1200_1_ten.png,17
Pixeldichte/17/IMG_1207_1_fifty.png,17
Pixeldichte/17/IMG_1207_1_four.png,17
Pixeldichte/17/IMG_1207_1_ten.png,17
Pixeldichte/17/IMG_1209_1_fifty.png,17
Pixeldichte/17/IMG_1209_1_four.png,17
Pixeldichte/17/IMG_1209_1_ten.png,17
Pixeldichte/18/IMG_1268_1_fifty.png,18
Pixeldichte/18/IMG_1268_1_four.png,18
Pixeldichte/18/IMG_1268_1_ten.png,18
Pixeldichte/18/IMG_1287_1_fifty.png,18
Pixeldichte/18/IMG_1287_1_four.png,18
Pixeldichte/18/IMG_1287_1_ten.png,18
Pixeldichte/18/IMG_1289_1_fifty.png,18
Pixeldichte/18/IMG_1289_1_four.png,18
Pixeldichte/18/IMG_1289_1_ten.png,18
Pixeldichte/21/IMG_1250_1_fifty.png,21
Pixeldichte/21/IMG_1250_1_four.png,21
Pixeldichte/21/IMG_1250_1_ten.png,21
Pixeldichte/21/IMG_1258_1_fifty.png,21
Pixeldichte/21/IMG_1258_1_four.png,21
Pixeldichte/21/IMG_1258_1_ten.png,21
Pixeldichte/21/IMG_1273_1_fifty.png,21
Pixeldichte/21/IMG_1273_1_four.png,21
Pixeldichte/21/IMG_1273_1_ten.png,21
Pixeldichte/22/IMG_1243_1_fifty.png,22
Pixeldichte/22/IMG_1243_1_four.png,22
Pixeldichte/22/IMG_1243_1_ten.png,22
Pixeldichte/22/IMG_1255_1_fifty.png,22
Pixeldichte/22/IMG_1255_1_four.png,22
Pixeldichte/22/IMG_1255_1_ten.png,22
Pixeldichte/23/IMG_1247_1_fifty.png,23
Pixeldichte/23/IMG_1247_1_four.png,23
Pixeldichte/23/IMG_1247_1_ten.png,23
Pixeldichte/23/IMG_1248_1_fifty.png,23
Pixeldichte/23/IMG_1248_1_four.png,23
Pixeldichte/23/IMG_1248_1_ten.png,23
Pixeldichte/23/IMG_1249_1_fifty.png,23
Pixeldichte/23/IMG_1249_1_four.png,23
Pixeldichte/23/IMG_1249_1_ten.png,23
Pixeldichte/26/IMG_1252_1_fifty.png,26
Pixeldichte/26/IMG_1252_1_four.png,26
Pixeldichte/26/IMG_1252_1_ten.png,26
Pixeldichte/26/IMG_1253_1_fifty.png,26
Pixeldichte/26/IMG_1253_1_four.png,26
Pixeldichte/26/IMG_1253_1_ten.png,26
Pixeldichte/26/IMG_1254_1_fifty.png,26
Pixeldichte/26/IMG_1254_1_four.png,26
Pixeldichte/26/IMG_1254_1_ten.png,26
Pixeldichte/27/IMG_1228_1_fifty.png,27
Pixeldichte/27/IMG_1228_1_four.png,27
Pixeldichte/27/IMG_1228_1_ten.png,27
Pixeldichte/27/IMG_1257_1_fifty.png,27
Pixeldichte/27/IMG_1257_1_four.png,27
Pixeldichte/27/IMG_1257_1_ten.png,27
Pixeldichte/27/IMG_1267_1_fifty.png,27
Pixeldichte/27/IMG_1267_1_four.png,27
Pixeldichte/27/IMG_1267_1_ten.png,27
Pixeldichte/32/IMG_1266_1_fifty.png,32
Pixeldichte/32/IMG_1266_1_four.png,32
Pixeldichte/32/IMG_1266_1_ten.png,32
Pixeldichte/32/IMG_1274_1_fifty.png,32
Pixeldichte/32/IMG_1274_1_four.png,32
Pixeldichte/32/IMG_1274_1_ten.png,32
Pixeldichte/32/IMG_1288_1_fifty.png,32
Pixeldichte/32/IMG_1288_1_four.png,32
Pixeldichte/32/IMG_1288_1_ten.png,32
Pixeldichte/33/IMG_1262_1_fifty.png,33
Pixeldichte/33/IMG_1262_1_four.png,33
Pixeldichte/33/IMG_1262_1_ten.png,33
Pixeldichte/33/IMG_1263_1_fifty.png,33
Pixeldichte/33/IMG_1263_1_four.png,33
Pixeldichte/33/IMG_1263_1_ten.png,33
Pixeldichte/33/IMG_1282_1_fifty.png,33
Pixeldichte/33/IMG_1282_1_four.png,33
Pixeldichte/33/IMG_1282_1_ten.png,33
Pixeldichte/35/IMG_1278_1_fifty.png,35
Pixeldichte/35/IMG_1278_1_four.png,35
Pixeldichte/35/IMG_1278_1_ten.png,35
Pixeldichte/35/IMG_1279_fifty.png,35
Pixeldichte/35/IMG_1279_four.png,35
Pixeldichte/35/IMG_1279_ten.png,35
Pixeldichte/35/IMG_1285_1_fifty.png,35
Pixeldichte/35/IMG_1285_1_four.png,35
Pixeldichte/35/IMG_1285_1_ten.png,35
Pixeldichte/38/IMG_1261_1_fifty.png,38
Pixeldichte/38/IMG_1261_1_four.png,38
Pixeldichte/38/IMG_1261_1_ten.png,38
Pixeldichte/38/IMG_1269_1_fifty.png,38
Pixeldichte/38/IMG_1269_1_four.png,38
Pixeldichte/38/IMG_1269_1_ten.png,38
Pixeldichte/38/IMG_1276_1_fifty.png,38
Pixeldichte/38/IMG_1276_1_four.png,38
Pixeldichte/38/IMG_1276_1_ten.png,38
